column_id	size	score	vertices
0	4	251	1 6 39 94
1	4	251	1 6 39 231
2	4	251	1 55 181 230
3	4	251	2 39 40 148
4	4	251	2 39 40 249
5	4	251	2 39 131 249
6	4	251	2 40 75 148
7	4	251	2 208 230 249
8	4	251	3 7 65 246
9	4	251	3 7 87 244
10	4	251	3 7 95 244
11	4	251	3 7 124 246
12	4	251	3 11 225 244
13	4	251	3 20 29 30
14	4	251	3 39 70 152
15	4	251	3 39 131 238
16	4	251	3 39 186 238
17	4	251	3 42 131 184
18	4	251	3 69 88 154
19	4	251	3 69 88 223
20	4	251	3 69 88 238
21	4	251	3 69 154 223
22	4	251	3 78 154 174
23	4	251	3 84 144 154
24	4	251	3 87 101 244
25	4	251	3 88 131 238
26	4	251	3 88 154 223
27	4	251	3 88 154 226
28	4	251	3 118 238 248
29	4	251	3 154 184 226
30	4	251	4 17 92 148
31	4	251	4 30 40 51
32	4	251	4 30 51 223
33	4	251	4 40 51 148
34	4	251	5 48 79 234
35	4	251	5 48 114 229
36	4	251	5 48 114 234
37	4	251	5 58 158 216
38	4	251	5 74 76 162
39	4	251	5 146 152 176
40	4	251	6 29 138 184
41	4	251	6 48 229 232
42	4	251	7 81 95 109
43	4	251	7 95 109 244
44	4	251	7 106 124 246
45	4	251	9 21 60 174
46	4	251	9 54 87 233
47	4	251	9 84 219 239
48	4	251	9 164 211 235
49	4	251	9 167 211 235
50	4	251	10 15 46 130
51	4	251	10 130 152 204
52	4	251	10 143 158 218
53	4	251	11 41 214 225
54	4	251	11 103 202 228
55	4	251	12 20 29 51
56	4	251	12 20 29 75
57	4	251	12 88 163 179
58	4	251	12 159 196 230
59	4	251	13 19 76 162
60	4	251	15 46 86 97
61	4	251	16 112 186 222
62	4	251	16 112 200 222
63	4	251	16 145 182 220
64	4	251	17 43 50 157
65	4	251	17 45 50 233
66	4	251	18 42 104 175
67	4	251	20 29 30 51
68	4	251	23 47 145 243
69	4	251	23 114 124 168
70	4	251	23 124 168 207
71	4	251	25 87 156 194
72	4	251	26 48 79 105
73	4	251	26 57 96 215
74	4	251	26 96 142 215
75	4	251	27 78 91 174
76	4	251	27 163 207 220
77	4	251	27 207 220 250
78	4	251	28 88 179 238
79	4	251	28 108 152 201
80	4	251	28 167 194 218
81	4	251	28 167 218 238
82	4	251	29 57 149 230
83	4	251	29 65 140 170
84	4	251	30 51 176 223
85	4	251	31 44 225 237
86	4	251	31 134 197 200
87	4	251	31 197 200 213
88	4	251	33 69 120 126
89	4	251	33 69 126 209
90	4	251	33 77 83 195
91	4	251	33 129 158 218
92	4	251	34 56 219 236
93	4	251	35 44 113 234
94	4	251	35 106 113 234
95	4	251	36 90 223 245
96	4	251	36 138 152 184
97	4	251	36 146 152 204
98	4	251	39 44 113 234
99	4	251	39 44 164 211
100	4	251	39 52 70 136
101	4	251	39 70 227 249
102	4	251	39 131 136 238
103	4	251	40 53 61 158
104	4	251	41 106 141 181
105	4	251	42 53 91 142
106	4	251	42 53 142 176
107	4	251	46 124 200 246
108	4	251	48 102 143 234
109	4	251	48 180 200 217
110	4	251	49 81 193 229
111	4	251	49 81 211 229
112	4	251	49 97 211 224
113	4	251	51 63 98 158
114	4	251	51 98 152 176
115	4	251	54 130 152 217
116	4	251	58 81 115 197
117	4	251	58 81 134 197
118	4	251	59 94 157 178
119	4	251	63 87 110 237
120	4	251	63 87 194 237
121	4	251	63 111 181 188
122	4	251	63 111 181 221
123	4	251	63 139 209 227
124	4	251	64 97 112 222
125	4	251	64 112 114 222
126	4	251	68 72 92 126
127	4	251	69 83 88 223
128	4	251	69 83 142 215
129	4	251	69 88 130 238
130	4	251	69 88 154 223
131	4	251	69 92 126 209
132	4	251	69 105 120 142
133	4	251	69 105 142 221
134	4	251	69 120 142 215
135	4	251	71 87 180 200
136	4	251	71 87 193 200
137	4	251	71 124 200 213
138	4	251	74 76 94 162
139	4	251	76 81 94 205
140	4	251	78 153 154 174
141	4	251	81 94 116 196
142	4	251	81 116 134 196
143	4	251	81 121 199 200
144	4	251	81 134 197 200
145	4	251	81 193 200 222
146	4	251	81 197 200 211
147	4	251	81 200 222 241
148	4	251	83 88 161 195
149	4	251	83 88 161 223
150	4	251	83 88 196 226
151	4	251	83 88 208 223
152	4	251	83 142 187 188
153	4	251	83 142 208 215
154	4	251	83 183 187 226
155	4	251	84 115 144 154
156	4	251	84 192 219 239
157	4	251	86 112 186 198
158	4	251	87 101 233 244
159	4	251	87 156 194 237
160	4	251	88 130 131 238
161	4	251	88 154 161 223
162	4	251	99 105 118 175
163	4	251	99 105 118 246
164	4	251	102 106 143 234
165	4	251	102 143 188 243
166	4	251	104 156 171 206
167	4	251	106 160 184 226
168	4	251	111 114 124 214
169	4	251	111 181 221 230
170	4	251	114 177 214 229
171	4	251	117 220 225 244
172	4	251	118 167 211 238
173	4	251	130 135 138 152
174	4	251	143 188 198 243
175	4	251	151 158 182 186
176	4	251	156 171 206 210
177	4	251	156 194 206 210
178	4	251	167 202 218 238
179	4	251	167 211 235 238
180	4	251	181 208 221 230
181	4	251	191 205 232 250
182	4	251	192 219 239 249
183	3	1	1 3 39
184	3	1	1 3 174
185	3	1	1 3 225
186	3	1	1 6 39
187	3	1	1 6 94
188	3	1	1 6 230
189	3	1	1 6 231
190	3	1	1 18 55
191	3	1	1 23 43
192	3	1	1 39 94
193	3	1	1 39 231
194	3	1	1 43 163
195	3	1	1 43 230
196	3	1	1 55 163
197	3	1	1 55 181
198	3	1	1 55 230
199	3	1	1 72 130
200	3	1	1 72 174
201	3	1	1 83 225
202	3	1	1 90 155
203	3	1	1 90 225
204	3	1	1 90 230
205	3	1	1 94 181
206	3	1	1 123 225
207	3	1	1 155 218
208	3	1	1 181 230
209	3	1	1 218 230
210	3	1	2 26 48
211	3	1	2 26 96
212	3	1	2 26 131
213	3	1	2 34 230
214	3	1	2 36 138
215	3	1	2 36 230
216	3	1	2 39 40
217	3	1	2 39 131
218	3	1	2 39 147
219	3	1	2 39 148
220	3	1	2 39 249
221	3	1	2 40 53
222	3	1	2 40 75
223	3	1	2 40 148
224	3	1	2 40 249
225	3	1	2 48 226
226	3	1	2 68 147
227	3	1	2 68 148
228	3	1	2 68 169
229	3	1	2 73 230
230	3	1	2 75 96
231	3	1	2 75 141
232	3	1	2 75 148
233	3	1	2 96 110
234	3	1	2 96 169
235	3	1	2 110 145
236	3	1	2 110 193
237	3	1	2 131 249
238	3	1	2 138 141
239	3	1	2 138 148
240	3	1	2 138 249
241	3	1	2 141 145
242	3	1	2 141 147
243	3	1	2 141 169
244	3	1	2 145 205
245	3	1	2 147 208
246	3	1	2 193 249
247	3	1	2 205 249
248	3	1	2 208 230
249	3	1	2 208 249
250	3	1	2 230 249
251	3	1	3 7 65
252	3	1	3 7 87
253	3	1	3 7 95
254	3	1	3 7 124
255	3	1	3 7 178
256	3	1	3 7 184
257	3	1	3 7 244
258	3	1	3 7 246
259	3	1	3 7 248
260	3	1	3 11 65
261	3	1	3 11 186
262	3	1	3 11 225
263	3	1	3 11 244
264	3	1	3 17 69
265	3	1	3 17 225
266	3	1	3 17 248
267	3	1	3 20 29
268	3	1	3 20 30
269	3	1	3 20 56
270	3	1	3 20 244
271	3	1	3 29 30
272	3	1	3 29 39
273	3	1	3 29 65
274	3	1	3 29 98
275	3	1	3 29 145
276	3	1	3 29 174
277	3	1	3 29 184
278	3	1	3 30 223
279	3	1	3 30 225
280	3	1	3 39 70
281	3	1	3 39 87
282	3	1	3 39 131
283	3	1	3 39 152
284	3	1	3 39 186
285	3	1	3 39 238
286	3	1	3 42 78
287	3	1	3 42 131
288	3	1	3 42 184
289	3	1	3 42 248
290	3	1	3 65 108
291	3	1	3 65 144
292	3	1	3 65 246
293	3	1	3 69 88
294	3	1	3 69 101
295	3	1	3 69 154
296	3	1	3 69 223
297	3	1	3 69 238
298	3	1	3 70 78
299	3	1	3 70 84
300	3	1	3 70 152
301	3	1	3 70 226
302	3	1	3 73 144
303	3	1	3 73 184
304	3	1	3 78 98
305	3	1	3 78 154
306	3	1	3 78 174
307	3	1	3 84 131
308	3	1	3 84 144
309	3	1	3 84 154
310	3	1	3 84 192
311	3	1	3 87 101
312	3	1	3 87 244
313	3	1	3 88 124
314	3	1	3 88 131
315	3	1	3 88 154
316	3	1	3 88 223
317	3	1	3 88 226
318	3	1	3 88 238
319	3	1	3 95 108
320	3	1	3 95 118
321	3	1	3 95 174
322	3	1	3 95 226
323	3	1	3 95 244
324	3	1	3 98 131
325	3	1	3 98 152
326	3	1	3 98 248
327	3	1	3 101 144
328	3	1	3 101 184
329	3	1	3 101 244
330	3	1	3 101 246
331	3	1	3 108 152
332	3	1	3 108 223
333	3	1	3 108 238
334	3	1	3 118 165
335	3	1	3 118 178
336	3	1	3 118 225
337	3	1	3 118 238
338	3	1	3 118 246
339	3	1	3 118 248
340	3	1	3 124 246
341	3	1	3 131 184
342	3	1	3 131 238
343	3	1	3 131 244
344	3	1	3 144 154
345	3	1	3 145 178
346	3	1	3 152 178
347	3	1	3 152 184
348	3	1	3 154 174
349	3	1	3 154 184
350	3	1	3 154 223
351	3	1	3 154 226
352	3	1	3 165 174
353	3	1	3 174 186
354	3	1	3 184 226
355	3	1	3 186 238
356	3	1	3 225 244
357	3	1	3 238 248
358	3	1	4 11 53
359	3	1	4 11 121
360	3	1	4 11 137
361	3	1	4 11 167
362	3	1	4 11 228
363	3	1	4 17 92
364	3	1	4 17 121
365	3	1	4 17 148
366	3	1	4 27 99
367	3	1	4 27 122
368	3	1	4 30 40
369	3	1	4 30 51
370	3	1	4 30 74
371	3	1	4 30 223
372	3	1	4 40 51
373	3	1	4 40 53
374	3	1	4 40 99
375	3	1	4 40 148
376	3	1	4 51 98
377	3	1	4 51 121
378	3	1	4 51 148
379	3	1	4 51 223
380	3	1	4 53 223
381	3	1	4 92 132
382	3	1	4 92 148
383	3	1	4 97 122
384	3	1	4 97 224
385	3	1	4 99 132
386	3	1	4 108 122
387	3	1	4 108 223
388	3	1	4 121 178
389	3	1	4 122 132
390	3	1	5 8 32
391	3	1	5 8 48
392	3	1	5 9 54
393	3	1	5 9 114
394	3	1	5 16 38
395	3	1	5 16 76
396	3	1	5 16 79
397	3	1	5 16 152
398	3	1	5 16 194
399	3	1	5 32 76
400	3	1	5 38 229
401	3	1	5 48 79
402	3	1	5 48 114
403	3	1	5 48 229
404	3	1	5 48 234
405	3	1	5 54 152
406	3	1	5 58 120
407	3	1	5 58 134
408	3	1	5 58 158
409	3	1	5 58 216
410	3	1	5 70 152
411	3	1	5 70 216
412	3	1	5 72 229
413	3	1	5 74 76
414	3	1	5 74 114
415	3	1	5 74 146
416	3	1	5 74 162
417	3	1	5 76 162
418	3	1	5 79 234
419	3	1	5 86 114
420	3	1	5 114 158
421	3	1	5 114 229
422	3	1	5 114 234
423	3	1	5 117 162
424	3	1	5 117 234
425	3	1	5 120 234
426	3	1	5 146 152
427	3	1	5 146 176
428	3	1	5 152 176
429	3	1	5 158 216
430	3	1	5 162 229
431	3	1	6 19 133
432	3	1	6 19 142
433	3	1	6 25 133
434	3	1	6 29 39
435	3	1	6 29 133
436	3	1	6 29 138
437	3	1	6 29 170
438	3	1	6 29 184
439	3	1	6 29 193
440	3	1	6 29 230
441	3	1	6 39 94
442	3	1	6 39 147
443	3	1	6 39 231
444	3	1	6 39 232
445	3	1	6 48 137
446	3	1	6 48 217
447	3	1	6 48 229
448	3	1	6 48 232
449	3	1	6 88 151
450	3	1	6 88 223
451	3	1	6 94 157
452	3	1	6 106 126
453	3	1	6 106 184
454	3	1	6 106 229
455	3	1	6 106 230
456	3	1	6 118 147
457	3	1	6 118 170
458	3	1	6 126 151
459	3	1	6 126 209
460	3	1	6 137 142
461	3	1	6 138 150
462	3	1	6 138 184
463	3	1	6 142 159
464	3	1	6 142 209
465	3	1	6 147 223
466	3	1	6 150 229
467	3	1	6 159 217
468	3	1	6 159 230
469	3	1	6 170 231
470	3	1	6 184 217
471	3	1	6 184 232
472	3	1	6 193 229
473	3	1	6 209 232
474	3	1	6 223 229
475	3	1	6 229 232
476	3	1	7 13 86
477	3	1	7 13 109
478	3	1	7 13 250
479	3	1	7 50 157
480	3	1	7 50 184
481	3	1	7 50 210
482	3	1	7 58 81
483	3	1	7 58 175
484	3	1	7 65 170
485	3	1	7 65 171
486	3	1	7 65 246
487	3	1	7 81 95
488	3	1	7 81 106
489	3	1	7 81 109
490	3	1	7 81 170
491	3	1	7 81 195
492	3	1	7 81 211
493	3	1	7 86 112
494	3	1	7 86 244
495	3	1	7 87 180
496	3	1	7 87 244
497	3	1	7 95 109
498	3	1	7 95 112
499	3	1	7 95 244
500	3	1	7 100 195
501	3	1	7 100 250
502	3	1	7 106 124
503	3	1	7 106 132
504	3	1	7 106 184
505	3	1	7 106 246
506	3	1	7 109 175
507	3	1	7 109 244
508	3	1	7 109 248
509	3	1	7 112 170
510	3	1	7 112 211
511	3	1	7 112 250
512	3	1	7 124 213
513	3	1	7 124 246
514	3	1	7 132 157
515	3	1	7 132 180
516	3	1	7 132 248
517	3	1	7 157 171
518	3	1	7 157 178
519	3	1	7 170 175
520	3	1	7 171 210
521	3	1	7 175 195
522	3	1	7 175 250
523	3	1	7 180 220
524	3	1	7 182 220
525	3	1	7 210 248
526	3	1	7 220 244
527	3	1	7 220 250
528	3	1	7 242 248
529	3	1	8 13 80
530	3	1	8 13 172
531	3	1	8 17 92
532	3	1	8 17 136
533	3	1	8 17 206
534	3	1	8 32 138
535	3	1	8 32 172
536	3	1	8 32 204
537	3	1	8 48 102
538	3	1	8 49 204
539	3	1	8 49 206
540	3	1	8 49 224
541	3	1	8 49 230
542	3	1	8 73 209
543	3	1	8 73 230
544	3	1	8 77 136
545	3	1	8 80 102
546	3	1	8 80 196
547	3	1	8 92 102
548	3	1	8 92 196
549	3	1	8 92 209
550	3	1	8 102 188
551	3	1	8 136 171
552	3	1	8 136 209
553	3	1	8 136 230
554	3	1	8 138 196
555	3	1	8 138 206
556	3	1	8 149 204
557	3	1	8 149 230
558	3	1	8 155 244
559	3	1	8 171 206
560	3	1	8 188 224
561	3	1	8 196 230
562	3	1	8 206 209
563	3	1	9 21 54
564	3	1	9 21 60
565	3	1	9 21 151
566	3	1	9 21 174
567	3	1	9 21 237
568	3	1	9 22 136
569	3	1	9 24 114
570	3	1	9 24 160
571	3	1	9 24 239
572	3	1	9 54 87
573	3	1	9 54 201
574	3	1	9 54 233
575	3	1	9 60 116
576	3	1	9 60 174
577	3	1	9 60 211
578	3	1	9 84 129
579	3	1	9 84 183
580	3	1	9 84 219
581	3	1	9 84 233
582	3	1	9 84 239
583	3	1	9 87 129
584	3	1	9 87 183
585	3	1	9 87 233
586	3	1	9 87 237
587	3	1	9 102 129
588	3	1	9 102 228
589	3	1	9 114 214
590	3	1	9 116 235
591	3	1	9 129 153
592	3	1	9 129 201
593	3	1	9 129 242
594	3	1	9 136 140
595	3	1	9 136 239
596	3	1	9 140 151
597	3	1	9 140 160
598	3	1	9 140 228
599	3	1	9 153 174
600	3	1	9 160 214
601	3	1	9 160 233
602	3	1	9 164 211
603	3	1	9 164 235
604	3	1	9 167 211
605	3	1	9 167 219
606	3	1	9 167 235
607	3	1	9 174 242
608	3	1	9 183 242
609	3	1	9 201 239
610	3	1	9 211 235
611	3	1	9 211 237
612	3	1	9 211 239
613	3	1	9 214 242
614	3	1	9 219 239
615	3	1	9 219 242
616	3	1	10 15 18
617	3	1	10 15 46
618	3	1	10 15 130
619	3	1	10 15 143
620	3	1	10 15 225
621	3	1	10 18 208
622	3	1	10 43 46
623	3	1	10 45 143
624	3	1	10 46 130
625	3	1	10 46 158
626	3	1	10 46 161
627	3	1	10 51 96
628	3	1	10 51 152
629	3	1	10 51 158
630	3	1	10 51 161
631	3	1	10 127 152
632	3	1	10 130 152
633	3	1	10 130 204
634	3	1	10 143 158
635	3	1	10 143 218
636	3	1	10 143 244
637	3	1	10 152 155
638	3	1	10 152 204
639	3	1	10 155 218
640	3	1	10 155 244
641	3	1	10 158 218
642	3	1	10 204 208
643	3	1	10 225 244
644	3	1	11 35 214
645	3	1	11 41 121
646	3	1	11 41 137
647	3	1	11 41 157
648	3	1	11 41 214
649	3	1	11 41 225
650	3	1	11 49 193
651	3	1	11 53 214
652	3	1	11 53 244
653	3	1	11 65 216
654	3	1	11 103 202
655	3	1	11 103 228
656	3	1	11 121 187
657	3	1	11 129 244
658	3	1	11 157 187
659	3	1	11 160 186
660	3	1	11 160 214
661	3	1	11 160 216
662	3	1	11 160 217
663	3	1	11 167 202
664	3	1	11 177 214
665	3	1	11 187 244
666	3	1	11 202 228
667	3	1	11 214 225
668	3	1	11 225 244
669	3	1	12 20 29
670	3	1	12 20 31
671	3	1	12 20 51
672	3	1	12 20 75
673	3	1	12 25 51
674	3	1	12 25 228
675	3	1	12 29 51
676	3	1	12 29 75
677	3	1	12 29 138
678	3	1	12 29 174
679	3	1	12 29 230
680	3	1	12 31 163
681	3	1	12 31 228
682	3	1	12 31 237
683	3	1	12 51 63
684	3	1	12 51 152
685	3	1	12 63 237
686	3	1	12 75 224
687	3	1	12 86 97
688	3	1	12 88 163
689	3	1	12 88 179
690	3	1	12 88 196
691	3	1	12 97 224
692	3	1	12 126 163
693	3	1	12 129 224
694	3	1	12 138 152
695	3	1	12 138 163
696	3	1	12 138 196
697	3	1	12 138 228
698	3	1	12 159 196
699	3	1	12 159 230
700	3	1	12 163 179
701	3	1	12 163 216
702	3	1	12 196 230
703	3	1	12 216 237
704	3	1	13 19 76
705	3	1	13 19 161
706	3	1	13 19 162
707	3	1	13 28 78
708	3	1	13 28 172
709	3	1	13 28 179
710	3	1	13 38 237
711	3	1	13 38 250
712	3	1	13 68 80
713	3	1	13 68 236
714	3	1	13 68 250
715	3	1	13 76 93
716	3	1	13 76 162
717	3	1	13 78 153
718	3	1	13 79 139
719	3	1	13 84 86
720	3	1	13 84 127
721	3	1	13 84 162
722	3	1	13 84 190
723	3	1	13 86 161
724	3	1	13 93 190
725	3	1	13 93 236
726	3	1	13 109 190
727	3	1	13 117 162
728	3	1	13 127 172
729	3	1	13 127 179
730	3	1	13 156 237
731	3	1	13 162 236
732	3	1	13 179 236
733	3	1	13 221 237
734	3	1	14 59 94
735	3	1	14 59 98
736	3	1	14 59 99
737	3	1	14 59 135
738	3	1	14 59 186
739	3	1	14 66 182
740	3	1	14 66 184
741	3	1	14 74 75
742	3	1	14 74 94
743	3	1	14 74 186
744	3	1	14 75 118
745	3	1	14 94 97
746	3	1	14 94 167
747	3	1	14 98 131
748	3	1	14 99 118
749	3	1	14 99 131
750	3	1	14 118 167
751	3	1	14 131 172
752	3	1	14 131 184
753	3	1	14 135 188
754	3	1	14 172 210
755	3	1	14 180 186
756	3	1	14 180 188
757	3	1	14 182 186
758	3	1	14 223 229
759	3	1	15 18 243
760	3	1	15 46 86
761	3	1	15 46 97
762	3	1	15 46 99
763	3	1	15 46 130
764	3	1	15 46 232
765	3	1	15 49 97
766	3	1	15 49 194
767	3	1	15 54 130
768	3	1	15 54 141
769	3	1	15 86 97
770	3	1	15 86 225
771	3	1	15 143 214
772	3	1	15 143 243
773	3	1	15 177 214
774	3	1	15 194 196
775	3	1	15 194 210
776	3	1	15 214 225
777	3	1	15 232 243
778	3	1	16 38 199
779	3	1	16 49 76
780	3	1	16 49 79
781	3	1	16 49 194
782	3	1	16 49 220
783	3	1	16 55 220
784	3	1	16 60 112
785	3	1	16 60 145
786	3	1	16 60 227
787	3	1	16 79 98
788	3	1	16 79 105
789	3	1	16 98 152
790	3	1	16 98 194
791	3	1	16 99 105
792	3	1	16 99 109
793	3	1	16 105 200
794	3	1	16 105 227
795	3	1	16 109 145
796	3	1	16 112 186
797	3	1	16 112 200
798	3	1	16 112 222
799	3	1	16 145 182
800	3	1	16 145 220
801	3	1	16 150 182
802	3	1	16 152 220
803	3	1	16 182 186
804	3	1	16 182 220
805	3	1	16 186 194
806	3	1	16 186 199
807	3	1	16 186 222
808	3	1	16 199 200
809	3	1	16 200 222
810	3	1	17 22 47
811	3	1	17 22 121
812	3	1	17 22 136
813	3	1	17 22 148
814	3	1	17 43 50
815	3	1	17 43 157
816	3	1	17 45 50
817	3	1	17 45 92
818	3	1	17 45 143
819	3	1	17 45 233
820	3	1	17 47 157
821	3	1	17 50 91
822	3	1	17 50 148
823	3	1	17 50 157
824	3	1	17 50 233
825	3	1	17 69 92
826	3	1	17 92 148
827	3	1	17 148 248
828	3	1	17 157 179
829	3	1	17 157 191
830	3	1	18 41 55
831	3	1	18 41 106
832	3	1	18 42 104
833	3	1	18 42 175
834	3	1	18 42 185
835	3	1	18 55 209
836	3	1	18 74 146
837	3	1	18 74 226
838	3	1	18 74 241
839	3	1	18 104 146
840	3	1	18 104 175
841	3	1	18 104 209
842	3	1	18 106 144
843	3	1	18 106 226
844	3	1	18 144 146
845	3	1	18 146 172
846	3	1	18 172 185
847	3	1	18 175 197
848	3	1	18 175 208
849	3	1	19 22 46
850	3	1	19 22 47
851	3	1	19 22 62
852	3	1	19 22 133
853	3	1	19 22 144
854	3	1	19 46 124
855	3	1	19 46 161
856	3	1	19 47 124
857	3	1	19 47 194
858	3	1	19 54 141
859	3	1	19 66 162
860	3	1	19 66 183
861	3	1	19 66 218
862	3	1	19 73 144
863	3	1	19 76 162
864	3	1	19 101 144
865	3	1	19 101 218
866	3	1	19 133 183
867	3	1	19 142 218
868	3	1	19 144 146
869	3	1	19 144 183
870	3	1	19 146 218
871	3	1	19 186 194
872	3	1	19 194 218
873	3	1	19 197 218
874	3	1	20 22 30
875	3	1	20 22 121
876	3	1	20 22 148
877	3	1	20 28 201
878	3	1	20 29 30
879	3	1	20 29 51
880	3	1	20 29 75
881	3	1	20 29 127
882	3	1	20 30 51
883	3	1	20 30 130
884	3	1	20 51 121
885	3	1	20 51 148
886	3	1	20 75 148
887	3	1	20 75 241
888	3	1	20 85 130
889	3	1	20 99 175
890	3	1	20 106 148
891	3	1	20 125 148
892	3	1	20 127 241
893	3	1	20 148 235
894	3	1	20 235 241
895	3	1	20 241 244
896	3	1	21 33 60
897	3	1	21 33 237
898	3	1	21 34 60
899	3	1	21 34 125
900	3	1	21 37 105
901	3	1	21 37 215
902	3	1	21 48 105
903	3	1	21 54 152
904	3	1	21 54 159
905	3	1	21 59 125
906	3	1	21 60 139
907	3	1	21 60 174
908	3	1	21 105 185
909	3	1	21 139 151
910	3	1	21 149 176
911	3	1	21 149 237
912	3	1	21 152 176
913	3	1	21 159 176
914	3	1	21 165 174
915	3	1	21 165 215
916	3	1	22 30 177
917	3	1	22 46 158
918	3	1	22 46 200
919	3	1	22 47 159
920	3	1	22 47 165
921	3	1	22 47 227
922	3	1	22 103 122
923	3	1	22 104 171
924	3	1	22 105 200
925	3	1	22 105 227
926	3	1	22 105 231
927	3	1	22 121 133
928	3	1	22 121 200
929	3	1	22 122 133
930	3	1	22 122 136
931	3	1	22 122 177
932	3	1	22 133 148
933	3	1	22 133 227
934	3	1	22 136 171
935	3	1	22 148 200
936	3	1	22 159 200
937	3	1	23 43 73
938	3	1	23 43 145
939	3	1	23 47 124
940	3	1	23 47 145
941	3	1	23 47 243
942	3	1	23 56 207
943	3	1	23 56 243
944	3	1	23 60 145
945	3	1	23 60 175
946	3	1	23 60 207
947	3	1	23 73 114
948	3	1	23 73 185
949	3	1	23 114 124
950	3	1	23 114 168
951	3	1	23 114 175
952	3	1	23 124 168
953	3	1	23 124 207
954	3	1	23 145 235
955	3	1	23 145 243
956	3	1	23 168 185
957	3	1	23 168 207
958	3	1	24 43 46
959	3	1	24 43 163
960	3	1	24 114 163
961	3	1	24 115 236
962	3	1	24 134 178
963	3	1	24 134 208
964	3	1	24 160 178
965	3	1	24 163 208
966	3	1	24 204 208
967	3	1	24 236 239
968	3	1	25 33 64
969	3	1	25 36 92
970	3	1	25 36 242
971	3	1	25 44 93
972	3	1	25 44 234
973	3	1	25 51 64
974	3	1	25 51 161
975	3	1	25 51 176
976	3	1	25 64 93
977	3	1	25 64 133
978	3	1	25 73 93
979	3	1	25 87 156
980	3	1	25 87 194
981	3	1	25 89 93
982	3	1	25 89 133
983	3	1	25 89 155
984	3	1	25 89 212
985	3	1	25 93 199
986	3	1	25 95 122
987	3	1	25 122 133
988	3	1	25 122 194
989	3	1	25 133 199
990	3	1	25 155 194
991	3	1	25 156 171
992	3	1	25 156 194
993	3	1	25 176 188
994	3	1	25 176 199
995	3	1	25 182 212
996	3	1	25 188 228
997	3	1	26 48 79
998	3	1	26 48 105
999	3	1	26 48 220
1000	3	1	26 57 96
1001	3	1	26 57 105
1002	3	1	26 57 215
1003	3	1	26 58 81
1004	3	1	26 64 81
1005	3	1	26 64 105
1006	3	1	26 79 105
1007	3	1	26 81 116
1008	3	1	26 81 199
1009	3	1	26 84 96
1010	3	1	26 84 105
1011	3	1	26 84 131
1012	3	1	26 96 142
1013	3	1	26 96 215
1014	3	1	26 105 142
1015	3	1	26 116 215
1016	3	1	26 116 244
1017	3	1	26 131 244
1018	3	1	26 142 153
1019	3	1	26 142 215
1020	3	1	26 199 215
1021	3	1	26 220 244
1022	3	1	27 46 99
1023	3	1	27 46 130
1024	3	1	27 49 76
1025	3	1	27 49 120
1026	3	1	27 49 133
1027	3	1	27 49 194
1028	3	1	27 49 204
1029	3	1	27 49 220
1030	3	1	27 72 112
1031	3	1	27 72 130
1032	3	1	27 72 174
1033	3	1	27 78 91
1034	3	1	27 78 99
1035	3	1	27 78 122
1036	3	1	27 78 174
1037	3	1	27 78 212
1038	3	1	27 87 194
1039	3	1	27 87 245
1040	3	1	27 91 174
1041	3	1	27 112 163
1042	3	1	27 112 250
1043	3	1	27 120 130
1044	3	1	27 120 187
1045	3	1	27 122 133
1046	3	1	27 122 194
1047	3	1	27 130 204
1048	3	1	27 130 250
1049	3	1	27 133 199
1050	3	1	27 133 213
1051	3	1	27 133 250
1052	3	1	27 163 207
1053	3	1	27 163 220
1054	3	1	27 174 204
1055	3	1	27 176 199
1056	3	1	27 187 250
1057	3	1	27 207 220
1058	3	1	27 207 250
1059	3	1	27 212 245
1060	3	1	27 220 250
1061	3	1	28 78 201
1062	3	1	28 88 172
1063	3	1	28 88 179
1064	3	1	28 88 203
1065	3	1	28 88 238
1066	3	1	28 101 199
1067	3	1	28 101 218
1068	3	1	28 108 152
1069	3	1	28 108 201
1070	3	1	28 108 238
1071	3	1	28 115 123
1072	3	1	28 115 194
1073	3	1	28 135 152
1074	3	1	28 145 218
1075	3	1	28 152 172
1076	3	1	28 152 201
1077	3	1	28 157 179
1078	3	1	28 157 218
1079	3	1	28 167 194
1080	3	1	28 167 218
1081	3	1	28 167 238
1082	3	1	28 179 238
1083	3	1	28 192 201
1084	3	1	28 194 218
1085	3	1	28 201 203
1086	3	1	28 218 238
1087	3	1	29 30 51
1088	3	1	29 30 74
1089	3	1	29 39 172
1090	3	1	29 51 98
1091	3	1	29 51 149
1092	3	1	29 51 184
1093	3	1	29 57 149
1094	3	1	29 57 230
1095	3	1	29 65 140
1096	3	1	29 65 170
1097	3	1	29 74 75
1098	3	1	29 74 145
1099	3	1	29 75 170
1100	3	1	29 116 138
1101	3	1	29 116 170
1102	3	1	29 127 133
1103	3	1	29 127 149
1104	3	1	29 127 170
1105	3	1	29 127 172
1106	3	1	29 133 145
1107	3	1	29 138 184
1108	3	1	29 140 145
1109	3	1	29 140 170
1110	3	1	29 149 230
1111	3	1	30 40 51
1112	3	1	30 51 176
1113	3	1	30 51 223
1114	3	1	30 55 139
1115	3	1	30 59 157
1116	3	1	30 74 157
1117	3	1	30 81 196
1118	3	1	30 81 222
1119	3	1	30 139 213
1120	3	1	30 176 223
1121	3	1	30 177 222
1122	3	1	31 44 204
1123	3	1	31 44 225
1124	3	1	31 44 237
1125	3	1	31 44 248
1126	3	1	31 60 77
1127	3	1	31 60 213
1128	3	1	31 73 94
1129	3	1	31 73 184
1130	3	1	31 94 95
1131	3	1	31 94 167
1132	3	1	31 94 178
1133	3	1	31 95 169
1134	3	1	31 134 169
1135	3	1	31 134 178
1136	3	1	31 134 197
1137	3	1	31 134 200
1138	3	1	31 134 220
1139	3	1	31 163 220
1140	3	1	31 169 237
1141	3	1	31 190 197
1142	3	1	31 192 237
1143	3	1	31 197 200
1144	3	1	31 197 213
1145	3	1	31 200 213
1146	3	1	31 220 225
1147	3	1	31 225 237
1148	3	1	32 75 78
1149	3	1	32 75 141
1150	3	1	32 76 94
1151	3	1	32 78 153
1152	3	1	32 78 169
1153	3	1	32 84 131
1154	3	1	32 84 219
1155	3	1	32 84 233
1156	3	1	32 94 97
1157	3	1	32 131 172
1158	3	1	32 138 141
1159	3	1	32 141 169
1160	3	1	32 195 204
1161	3	1	32 219 242
1162	3	1	33 43 50
1163	3	1	33 45 50
1164	3	1	33 50 135
1165	3	1	33 50 210
1166	3	1	33 50 240
1167	3	1	33 60 77
1168	3	1	33 64 68
1169	3	1	33 64 209
1170	3	1	33 68 126
1171	3	1	33 69 83
1172	3	1	33 69 120
1173	3	1	33 69 126
1174	3	1	33 69 209
1175	3	1	33 69 221
1176	3	1	33 77 83
1177	3	1	33 77 129
1178	3	1	33 77 195
1179	3	1	33 83 158
1180	3	1	33 83 195
1181	3	1	33 103 195
1182	3	1	33 103 218
1183	3	1	33 120 126
1184	3	1	33 126 209
1185	3	1	33 129 158
1186	3	1	33 129 218
1187	3	1	33 158 218
1188	3	1	33 195 204
1189	3	1	33 195 209
1190	3	1	33 204 210
1191	3	1	33 209 218
1192	3	1	33 221 237
1193	3	1	33 237 240
1194	3	1	34 41 60
1195	3	1	34 41 125
1196	3	1	34 41 235
1197	3	1	34 56 219
1198	3	1	34 56 236
1199	3	1	34 60 82
1200	3	1	34 60 211
1201	3	1	34 69 82
1202	3	1	34 72 82
1203	3	1	34 82 84
1204	3	1	34 84 86
1205	3	1	34 84 219
1206	3	1	34 84 233
1207	3	1	34 86 186
1208	3	1	34 93 170
1209	3	1	34 93 236
1210	3	1	34 98 153
1211	3	1	34 98 219
1212	3	1	34 99 211
1213	3	1	34 99 233
1214	3	1	34 125 153
1215	3	1	34 156 184
1216	3	1	34 156 235
1217	3	1	34 184 236
1218	3	1	34 211 235
1219	3	1	34 219 236
1220	3	1	34 230 235
1221	3	1	35 44 113
1222	3	1	35 44 234
1223	3	1	35 48 190
1224	3	1	35 48 232
1225	3	1	35 48 234
1226	3	1	35 56 83
1227	3	1	35 56 146
1228	3	1	35 56 169
1229	3	1	35 57 169
1230	3	1	35 57 234
1231	3	1	35 61 209
1232	3	1	35 61 250
1233	3	1	35 77 83
1234	3	1	35 83 188
1235	3	1	35 104 146
1236	3	1	35 104 209
1237	3	1	35 106 113
1238	3	1	35 106 234
1239	3	1	35 113 188
1240	3	1	35 113 234
1241	3	1	35 139 146
1242	3	1	35 139 209
1243	3	1	35 140 192
1244	3	1	35 169 232
1245	3	1	35 188 214
1246	3	1	35 192 209
1247	3	1	35 192 239
1248	3	1	35 209 232
1249	3	1	35 232 239
1250	3	1	35 232 250
1251	3	1	35 234 250
1252	3	1	36 55 204
1253	3	1	36 55 230
1254	3	1	36 90 223
1255	3	1	36 90 230
1256	3	1	36 90 245
1257	3	1	36 117 154
1258	3	1	36 117 245
1259	3	1	36 138 152
1260	3	1	36 138 184
1261	3	1	36 146 152
1262	3	1	36 146 164
1263	3	1	36 146 204
1264	3	1	36 152 184
1265	3	1	36 152 204
1266	3	1	36 154 184
1267	3	1	36 154 204
1268	3	1	36 154 223
1269	3	1	36 164 184
1270	3	1	36 164 245
1271	3	1	36 219 242
1272	3	1	36 223 245
1273	3	1	37 52 164
1274	3	1	37 52 217
1275	3	1	37 58 127
1276	3	1	37 58 219
1277	3	1	37 61 215
1278	3	1	37 103 147
1279	3	1	37 103 181
1280	3	1	37 105 245
1281	3	1	37 106 181
1282	3	1	37 111 181
1283	3	1	37 127 172
1284	3	1	37 164 245
1285	3	1	37 167 219
1286	3	1	37 172 210
1287	3	1	37 172 215
1288	3	1	38 53 91
1289	3	1	38 57 96
1290	3	1	38 57 165
1291	3	1	38 73 229
1292	3	1	38 87 96
1293	3	1	38 87 237
1294	3	1	38 95 96
1295	3	1	38 165 229
1296	3	1	38 177 199
1297	3	1	38 177 229
1298	3	1	38 212 229
1299	3	1	38 212 237
1300	3	1	39 40 113
1301	3	1	39 40 136
1302	3	1	39 40 148
1303	3	1	39 40 186
1304	3	1	39 40 211
1305	3	1	39 40 249
1306	3	1	39 44 76
1307	3	1	39 44 113
1308	3	1	39 44 147
1309	3	1	39 44 164
1310	3	1	39 44 211
1311	3	1	39 44 234
1312	3	1	39 52 70
1313	3	1	39 52 136
1314	3	1	39 52 164
1315	3	1	39 52 231
1316	3	1	39 58 136
1317	3	1	39 70 136
1318	3	1	39 70 152
1319	3	1	39 70 182
1320	3	1	39 70 211
1321	3	1	39 70 227
1322	3	1	39 70 249
1323	3	1	39 71 87
1324	3	1	39 71 113
1325	3	1	39 71 135
1326	3	1	39 71 227
1327	3	1	39 76 94
1328	3	1	39 76 249
1329	3	1	39 87 94
1330	3	1	39 94 238
1331	3	1	39 113 234
1332	3	1	39 131 136
1333	3	1	39 131 172
1334	3	1	39 131 238
1335	3	1	39 131 249
1336	3	1	39 135 152
1337	3	1	39 136 238
1338	3	1	39 147 152
1339	3	1	39 152 172
1340	3	1	39 164 211
1341	3	1	39 182 186
1342	3	1	39 186 238
1343	3	1	39 211 238
1344	3	1	39 227 249
1345	3	1	39 232 238
1346	3	1	39 234 249
1347	3	1	40 45 50
1348	3	1	40 45 79
1349	3	1	40 45 113
1350	3	1	40 50 61
1351	3	1	40 50 148
1352	3	1	40 50 186
1353	3	1	40 51 148
1354	3	1	40 51 158
1355	3	1	40 51 249
1356	3	1	40 53 61
1357	3	1	40 53 158
1358	3	1	40 56 79
1359	3	1	40 60 211
1360	3	1	40 61 79
1361	3	1	40 61 158
1362	3	1	40 75 79
1363	3	1	40 75 148
1364	3	1	40 75 156
1365	3	1	40 79 235
1366	3	1	40 99 113
1367	3	1	40 99 211
1368	3	1	40 136 162
1369	3	1	40 148 235
1370	3	1	40 156 235
1371	3	1	40 156 237
1372	3	1	40 158 186
1373	3	1	40 158 235
1374	3	1	40 163 211
1375	3	1	40 186 198
1376	3	1	40 198 249
1377	3	1	40 211 235
1378	3	1	40 211 237
1379	3	1	41 55 163
1380	3	1	41 55 181
1381	3	1	41 60 147
1382	3	1	41 60 174
1383	3	1	41 70 121
1384	3	1	41 80 201
1385	3	1	41 80 214
1386	3	1	41 80 235
1387	3	1	41 106 141
1388	3	1	41 106 158
1389	3	1	41 106 181
1390	3	1	41 106 225
1391	3	1	41 107 147
1392	3	1	41 107 238
1393	3	1	41 121 141
1394	3	1	41 121 200
1395	3	1	41 121 238
1396	3	1	41 137 142
1397	3	1	41 137 181
1398	3	1	41 137 238
1399	3	1	41 141 147
1400	3	1	41 141 181
1401	3	1	41 141 215
1402	3	1	41 142 215
1403	3	1	41 142 245
1404	3	1	41 147 165
1405	3	1	41 158 235
1406	3	1	41 165 174
1407	3	1	41 165 215
1408	3	1	41 168 174
1409	3	1	41 168 245
1410	3	1	41 174 242
1411	3	1	41 181 201
1412	3	1	41 181 235
1413	3	1	41 181 242
1414	3	1	41 200 201
1415	3	1	41 214 225
1416	3	1	41 214 242
1417	3	1	41 215 235
1418	3	1	41 215 250
1419	3	1	41 235 238
1420	3	1	42 47 94
1421	3	1	42 47 176
1422	3	1	42 53 91
1423	3	1	42 53 142
1424	3	1	42 53 176
1425	3	1	42 63 72
1426	3	1	42 63 104
1427	3	1	42 63 131
1428	3	1	42 78 91
1429	3	1	42 78 171
1430	3	1	42 78 201
1431	3	1	42 78 230
1432	3	1	42 79 235
1433	3	1	42 85 94
1434	3	1	42 85 185
1435	3	1	42 91 142
1436	3	1	42 104 171
1437	3	1	42 104 175
1438	3	1	42 104 176
1439	3	1	42 104 230
1440	3	1	42 131 184
1441	3	1	42 142 176
1442	3	1	42 176 193
1443	3	1	42 230 235
1444	3	1	43 46 86
1445	3	1	43 50 157
1446	3	1	43 65 234
1447	3	1	43 73 82
1448	3	1	43 73 230
1449	3	1	43 82 157
1450	3	1	43 109 145
1451	3	1	43 109 190
1452	3	1	43 147 190
1453	3	1	43 190 230
1454	3	1	44 50 93
1455	3	1	44 66 113
1456	3	1	44 66 147
1457	3	1	44 66 162
1458	3	1	44 66 195
1459	3	1	44 68 147
1460	3	1	44 68 206
1461	3	1	44 68 234
1462	3	1	44 76 93
1463	3	1	44 76 162
1464	3	1	44 84 86
1465	3	1	44 84 105
1466	3	1	44 84 162
1467	3	1	44 84 181
1468	3	1	44 86 225
1469	3	1	44 88 93
1470	3	1	44 88 162
1471	3	1	44 88 179
1472	3	1	44 88 181
1473	3	1	44 88 195
1474	3	1	44 88 196
1475	3	1	44 93 105
1476	3	1	44 113 225
1477	3	1	44 113 234
1478	3	1	44 147 204
1479	3	1	44 164 211
1480	3	1	44 195 204
1481	3	1	44 211 237
1482	3	1	44 225 237
1483	3	1	45 50 93
1484	3	1	45 50 233
1485	3	1	45 52 231
1486	3	1	45 72 92
1487	3	1	45 72 215
1488	3	1	45 79 92
1489	3	1	45 79 243
1490	3	1	45 92 180
1491	3	1	45 92 196
1492	3	1	45 92 231
1493	3	1	45 101 233
1494	3	1	45 107 113
1495	3	1	45 107 171
1496	3	1	45 143 169
1497	3	1	45 143 243
1498	3	1	45 169 175
1499	3	1	45 169 196
1500	3	1	46 86 97
1501	3	1	46 86 161
1502	3	1	46 99 246
1503	3	1	46 124 200
1504	3	1	46 124 246
1505	3	1	46 130 200
1506	3	1	46 156 235
1507	3	1	46 158 235
1508	3	1	46 161 181
1509	3	1	46 161 246
1510	3	1	46 181 235
1511	3	1	46 200 246
1512	3	1	47 83 88
1513	3	1	47 84 159
1514	3	1	47 84 190
1515	3	1	47 88 124
1516	3	1	47 88 238
1517	3	1	47 94 157
1518	3	1	47 94 194
1519	3	1	47 94 205
1520	3	1	47 94 238
1521	3	1	47 102 202
1522	3	1	47 102 243
1523	3	1	47 145 205
1524	3	1	47 145 243
1525	3	1	47 152 176
1526	3	1	47 159 176
1527	3	1	47 190 205
1528	3	1	47 202 238
1529	3	1	47 205 249
1530	3	1	47 227 249
1531	3	1	48 79 105
1532	3	1	48 79 234
1533	3	1	48 79 235
1534	3	1	48 102 143
1535	3	1	48 102 229
1536	3	1	48 102 234
1537	3	1	48 105 173
1538	3	1	48 105 200
1539	3	1	48 114 124
1540	3	1	48 114 222
1541	3	1	48 114 229
1542	3	1	48 114 234
1543	3	1	48 124 200
1544	3	1	48 137 181
1545	3	1	48 143 198
1546	3	1	48 143 234
1547	3	1	48 143 235
1548	3	1	48 173 229
1549	3	1	48 180 200
1550	3	1	48 180 217
1551	3	1	48 180 220
1552	3	1	48 181 226
1553	3	1	48 181 235
1554	3	1	48 190 219
1555	3	1	48 200 217
1556	3	1	48 200 222
1557	3	1	48 229 232
1558	3	1	49 76 81
1559	3	1	49 81 168
1560	3	1	49 81 193
1561	3	1	49 81 211
1562	3	1	49 81 229
1563	3	1	49 97 206
1564	3	1	49 97 211
1565	3	1	49 97 220
1566	3	1	49 97 224
1567	3	1	49 120 168
1568	3	1	49 120 193
1569	3	1	49 131 132
1570	3	1	49 131 224
1571	3	1	49 153 154
1572	3	1	49 153 193
1573	3	1	49 154 204
1574	3	1	49 158 206
1575	3	1	49 168 220
1576	3	1	49 168 224
1577	3	1	49 168 230
1578	3	1	49 193 204
1579	3	1	49 193 224
1580	3	1	49 193 229
1581	3	1	49 194 206
1582	3	1	49 211 224
1583	3	1	49 211 229
1584	3	1	49 221 230
1585	3	1	50 57 71
1586	3	1	50 57 173
1587	3	1	50 57 233
1588	3	1	50 61 177
1589	3	1	50 61 223
1590	3	1	50 61 240
1591	3	1	50 63 70
1592	3	1	50 63 135
1593	3	1	50 71 91
1594	3	1	50 71 135
1595	3	1	50 71 199
1596	3	1	50 91 186
1597	3	1	50 93 199
1598	3	1	50 93 240
1599	3	1	50 173 184
1600	3	1	50 177 199
1601	3	1	50 186 199
1602	3	1	50 199 223
1603	3	1	51 63 70
1604	3	1	51 63 98
1605	3	1	51 63 134
1606	3	1	51 63 158
1607	3	1	51 63 209
1608	3	1	51 63 221
1609	3	1	51 64 82
1610	3	1	51 64 101
1611	3	1	51 64 209
1612	3	1	51 70 121
1613	3	1	51 70 149
1614	3	1	51 70 152
1615	3	1	51 70 249
1616	3	1	51 82 103
1617	3	1	51 82 158
1618	3	1	51 82 161
1619	3	1	51 98 152
1620	3	1	51 98 158
1621	3	1	51 98 176
1622	3	1	51 98 203
1623	3	1	51 101 184
1624	3	1	51 103 134
1625	3	1	51 123 158
1626	3	1	51 134 149
1627	3	1	51 148 149
1628	3	1	51 148 203
1629	3	1	51 149 176
1630	3	1	51 152 176
1631	3	1	51 152 184
1632	3	1	51 161 184
1633	3	1	51 161 223
1634	3	1	51 161 249
1635	3	1	51 176 221
1636	3	1	51 176 223
1637	3	1	52 60 177
1638	3	1	52 60 213
1639	3	1	52 64 97
1640	3	1	52 64 136
1641	3	1	52 70 121
1642	3	1	52 70 136
1643	3	1	52 120 130
1644	3	1	52 120 168
1645	3	1	52 130 138
1646	3	1	52 130 153
1647	3	1	52 130 217
1648	3	1	52 138 241
1649	3	1	53 61 158
1650	3	1	53 61 223
1651	3	1	53 61 240
1652	3	1	53 91 142
1653	3	1	53 116 176
1654	3	1	53 116 240
1655	3	1	53 116 244
1656	3	1	53 127 142
1657	3	1	53 127 240
1658	3	1	53 142 176
1659	3	1	53 142 245
1660	3	1	53 176 223
1661	3	1	53 223 245
1662	3	1	54 87 94
1663	3	1	54 87 141
1664	3	1	54 87 233
1665	3	1	54 130 152
1666	3	1	54 130 217
1667	3	1	54 141 217
1668	3	1	54 152 201
1669	3	1	54 152 217
1670	3	1	54 152 220
1671	3	1	54 159 217
1672	3	1	55 103 181
1673	3	1	55 114 163
1674	3	1	55 114 230
1675	3	1	55 116 163
1676	3	1	55 136 209
1677	3	1	55 136 230
1678	3	1	55 139 209
1679	3	1	55 163 220
1680	3	1	55 181 188
1681	3	1	55 181 230
1682	3	1	55 188 198
1683	3	1	55 190 230
1684	3	1	56 74 146
1685	3	1	56 79 243
1686	3	1	56 133 203
1687	3	1	56 133 213
1688	3	1	56 219 236
1689	3	1	57 71 105
1690	3	1	57 71 202
1691	3	1	57 71 230
1692	3	1	57 94 111
1693	3	1	57 96 169
1694	3	1	57 96 202
1695	3	1	57 96 215
1696	3	1	57 101 233
1697	3	1	57 105 173
1698	3	1	57 105 233
1699	3	1	57 111 230
1700	3	1	57 149 202
1701	3	1	57 149 230
1702	3	1	57 149 233
1703	3	1	57 149 234
1704	3	1	57 154 202
1705	3	1	57 164 202
1706	3	1	57 165 215
1707	3	1	57 165 234
1708	3	1	57 169 173
1709	3	1	58 66 219
1710	3	1	58 68 169
1711	3	1	58 68 188
1712	3	1	58 77 136
1713	3	1	58 78 169
1714	3	1	58 81 115
1715	3	1	58 81 134
1716	3	1	58 81 151
1717	3	1	58 81 197
1718	3	1	58 115 169
1719	3	1	58 115 197
1720	3	1	58 127 149
1721	3	1	58 134 149
1722	3	1	58 134 169
1723	3	1	58 134 197
1724	3	1	58 134 208
1725	3	1	58 136 175
1726	3	1	58 136 209
1727	3	1	58 136 223
1728	3	1	58 136 239
1729	3	1	58 149 237
1730	3	1	58 149 239
1731	3	1	58 151 158
1732	3	1	58 158 216
1733	3	1	58 161 169
1734	3	1	58 161 223
1735	3	1	58 169 173
1736	3	1	58 169 175
1737	3	1	58 169 237
1738	3	1	58 173 209
1739	3	1	58 175 188
1740	3	1	58 175 197
1741	3	1	58 175 208
1742	3	1	58 208 223
1743	3	1	58 216 237
1744	3	1	58 219 239
1745	3	1	59 92 94
1746	3	1	59 94 157
1747	3	1	59 94 168
1748	3	1	59 94 178
1749	3	1	59 94 181
1750	3	1	59 94 199
1751	3	1	59 125 135
1752	3	1	59 125 190
1753	3	1	59 141 181
1754	3	1	59 157 178
1755	3	1	59 181 186
1756	3	1	59 181 221
1757	3	1	59 186 199
1758	3	1	60 71 171
1759	3	1	60 71 213
1760	3	1	60 71 227
1761	3	1	60 77 112
1762	3	1	60 82 213
1763	3	1	60 82 227
1764	3	1	60 96 196
1765	3	1	60 96 207
1766	3	1	60 112 123
1767	3	1	60 112 146
1768	3	1	60 112 211
1769	3	1	60 116 144
1770	3	1	60 116 196
1771	3	1	60 116 213
1772	3	1	60 122 175
1773	3	1	60 122 177
1774	3	1	60 123 175
1775	3	1	60 139 146
1776	3	1	60 139 213
1777	3	1	60 139 227
1778	3	1	60 144 146
1779	3	1	60 144 224
1780	3	1	60 145 196
1781	3	1	60 146 172
1782	3	1	60 146 196
1783	3	1	60 147 212
1784	3	1	60 211 224
1785	3	1	61 69 109
1786	3	1	61 69 209
1787	3	1	61 69 215
1788	3	1	61 69 223
1789	3	1	61 79 87
1790	3	1	61 87 129
1791	3	1	61 97 109
1792	3	1	61 97 112
1793	3	1	61 109 177
1794	3	1	61 112 123
1795	3	1	61 112 250
1796	3	1	61 123 158
1797	3	1	61 129 158
1798	3	1	61 215 250
1799	3	1	62 74 164
1800	3	1	62 77 203
1801	3	1	62 79 187
1802	3	1	62 117 203
1803	3	1	62 127 179
1804	3	1	62 208 221
1805	3	1	63 70 104
1806	3	1	63 70 188
1807	3	1	63 70 227
1808	3	1	63 72 110
1809	3	1	63 87 110
1810	3	1	63 87 194
1811	3	1	63 87 200
1812	3	1	63 87 237
1813	3	1	63 98 131
1814	3	1	63 98 158
1815	3	1	63 98 194
1816	3	1	63 104 110
1817	3	1	63 104 111
1818	3	1	63 104 209
1819	3	1	63 110 160
1820	3	1	63 110 227
1821	3	1	63 110 237
1822	3	1	63 111 181
1823	3	1	63 111 188
1824	3	1	63 111 221
1825	3	1	63 131 139
1826	3	1	63 133 181
1827	3	1	63 133 227
1828	3	1	63 134 191
1829	3	1	63 134 200
1830	3	1	63 135 188
1831	3	1	63 139 194
1832	3	1	63 139 209
1833	3	1	63 139 227
1834	3	1	63 160 200
1835	3	1	63 181 188
1836	3	1	63 181 221
1837	3	1	63 194 237
1838	3	1	63 209 227
1839	3	1	63 221 237
1840	3	1	64 74 114
1841	3	1	64 74 145
1842	3	1	64 81 222
1843	3	1	64 82 102
1844	3	1	64 82 133
1845	3	1	64 93 105
1846	3	1	64 93 136
1847	3	1	64 97 112
1848	3	1	64 97 222
1849	3	1	64 105 160
1850	3	1	64 112 114
1851	3	1	64 112 222
1852	3	1	64 114 222
1853	3	1	64 128 191
1854	3	1	64 128 239
1855	3	1	64 132 222
1856	3	1	64 133 145
1857	3	1	64 133 183
1858	3	1	64 136 145
1859	3	1	64 136 209
1860	3	1	64 136 239
1861	3	1	64 160 216
1862	3	1	64 167 219
1863	3	1	64 219 239
1864	3	1	65 66 171
1865	3	1	65 108 200
1866	3	1	65 140 150
1867	3	1	65 140 170
1868	3	1	65 148 200
1869	3	1	65 150 171
1870	3	1	65 150 246
1871	3	1	65 200 246
1872	3	1	66 85 224
1873	3	1	66 122 177
1874	3	1	66 122 195
1875	3	1	66 126 171
1876	3	1	66 143 184
1877	3	1	66 143 218
1878	3	1	66 156 171
1879	3	1	66 156 184
1880	3	1	66 156 224
1881	3	1	66 183 224
1882	3	1	68 70 188
1883	3	1	68 70 206
1884	3	1	68 72 92
1885	3	1	68 72 126
1886	3	1	68 72 147
1887	3	1	68 80 85
1888	3	1	68 80 126
1889	3	1	68 85 155
1890	3	1	68 85 206
1891	3	1	68 92 126
1892	3	1	68 92 148
1893	3	1	68 126 206
1894	3	1	68 147 155
1895	3	1	68 155 169
1896	3	1	68 234 250
1897	3	1	69 83 88
1898	3	1	69 83 142
1899	3	1	69 83 215
1900	3	1	69 83 223
1901	3	1	69 83 228
1902	3	1	69 88 130
1903	3	1	69 88 154
1904	3	1	69 88 223
1905	3	1	69 88 238
1906	3	1	69 92 126
1907	3	1	69 92 209
1908	3	1	69 105 120
1909	3	1	69 105 142
1910	3	1	69 105 221
1911	3	1	69 120 126
1912	3	1	69 120 130
1913	3	1	69 120 142
1914	3	1	69 120 215
1915	3	1	69 120 242
1916	3	1	69 126 209
1917	3	1	69 126 241
1918	3	1	69 130 238
1919	3	1	69 142 209
1920	3	1	69 142 215
1921	3	1	69 142 221
1922	3	1	69 147 223
1923	3	1	69 154 223
1924	3	1	69 214 242
1925	3	1	70 78 121
1926	3	1	70 78 132
1927	3	1	70 84 159
1928	3	1	70 84 219
1929	3	1	70 104 132
1930	3	1	70 104 206
1931	3	1	70 104 219
1932	3	1	70 132 196
1933	3	1	70 159 196
1934	3	1	70 188 224
1935	3	1	70 196 226
1936	3	1	70 206 216
1937	3	1	70 211 224
1938	3	1	70 219 249
1939	3	1	70 227 249
1940	3	1	71 87 180
1941	3	1	71 87 193
1942	3	1	71 87 200
1943	3	1	71 105 120
1944	3	1	71 105 185
1945	3	1	71 105 200
1946	3	1	71 105 227
1947	3	1	71 113 150
1948	3	1	71 113 178
1949	3	1	71 114 124
1950	3	1	71 114 135
1951	3	1	71 114 193
1952	3	1	71 114 230
1953	3	1	71 120 193
1954	3	1	71 124 200
1955	3	1	71 124 213
1956	3	1	71 135 202
1957	3	1	71 150 171
1958	3	1	71 150 202
1959	3	1	71 150 219
1960	3	1	71 171 181
1961	3	1	71 178 202
1962	3	1	71 180 200
1963	3	1	71 181 230
1964	3	1	71 190 219
1965	3	1	71 190 230
1966	3	1	71 193 200
1967	3	1	71 199 200
1968	3	1	71 199 230
1969	3	1	71 200 213
1970	3	1	71 202 228
1971	3	1	72 92 126
1972	3	1	72 108 126
1973	3	1	72 108 215
1974	3	1	72 110 145
1975	3	1	72 110 174
1976	3	1	72 110 192
1977	3	1	72 110 215
1978	3	1	72 112 192
1979	3	1	72 128 129
1980	3	1	72 147 192
1981	3	1	73 93 185
1982	3	1	73 106 144
1983	3	1	73 106 184
1984	3	1	73 106 229
1985	3	1	73 106 230
1986	3	1	73 114 229
1987	3	1	73 114 230
1988	3	1	73 128 184
1989	3	1	74 75 78
1990	3	1	74 75 241
1991	3	1	74 76 94
1992	3	1	74 76 162
1993	3	1	74 78 114
1994	3	1	74 78 153
1995	3	1	74 84 129
1996	3	1	74 84 162
1997	3	1	74 88 162
1998	3	1	74 88 200
1999	3	1	74 88 226
2000	3	1	74 94 157
2001	3	1	74 94 162
2002	3	1	74 114 214
2003	3	1	74 129 153
2004	3	1	74 129 242
2005	3	1	74 145 162
2006	3	1	74 146 164
2007	3	1	74 162 242
2008	3	1	74 186 242
2009	3	1	74 200 241
2010	3	1	74 214 242
2011	3	1	75 78 96
2012	3	1	75 79 170
2013	3	1	75 96 142
2014	3	1	75 96 222
2015	3	1	75 117 141
2016	3	1	75 117 227
2017	3	1	75 118 170
2018	3	1	75 123 142
2019	3	1	75 142 176
2020	3	1	75 148 192
2021	3	1	75 156 224
2022	3	1	75 156 227
2023	3	1	75 170 173
2024	3	1	75 222 241
2025	3	1	76 81 94
2026	3	1	76 81 205
2027	3	1	76 94 162
2028	3	1	76 94 167
2029	3	1	76 94 178
2030	3	1	76 94 205
2031	3	1	76 167 202
2032	3	1	76 178 202
2033	3	1	76 205 249
2034	3	1	77 83 136
2035	3	1	77 83 195
2036	3	1	77 112 170
2037	3	1	77 150 182
2038	3	1	77 150 229
2039	3	1	77 150 246
2040	3	1	78 91 98
2041	3	1	78 91 155
2042	3	1	78 91 174
2043	3	1	78 96 132
2044	3	1	78 96 169
2045	3	1	78 98 153
2046	3	1	78 98 169
2047	3	1	78 99 132
2048	3	1	78 114 121
2049	3	1	78 114 169
2050	3	1	78 114 230
2051	3	1	78 114 234
2052	3	1	78 122 132
2053	3	1	78 143 169
2054	3	1	78 143 234
2055	3	1	78 147 155
2056	3	1	78 147 212
2057	3	1	78 150 171
2058	3	1	78 153 154
2059	3	1	78 153 155
2060	3	1	78 153 174
2061	3	1	78 154 174
2062	3	1	78 155 169
2063	3	1	78 169 212
2064	3	1	79 92 202
2065	3	1	79 139 202
2066	3	1	79 147 165
2067	3	1	79 165 234
2068	3	1	79 170 187
2069	3	1	80 85 102
2070	3	1	80 101 144
2071	3	1	80 101 218
2072	3	1	80 114 214
2073	3	1	80 115 144
2074	3	1	80 144 235
2075	3	1	80 196 226
2076	3	1	81 94 95
2077	3	1	81 94 116
2078	3	1	81 94 168
2079	3	1	81 94 196
2080	3	1	81 94 199
2081	3	1	81 94 205
2082	3	1	81 95 109
2083	3	1	81 106 229
2084	3	1	81 115 197
2085	3	1	81 115 222
2086	3	1	81 115 229
2087	3	1	81 116 134
2088	3	1	81 116 170
2089	3	1	81 116 196
2090	3	1	81 116 235
2091	3	1	81 121 199
2092	3	1	81 121 200
2093	3	1	81 134 195
2094	3	1	81 134 196
2095	3	1	81 134 197
2096	3	1	81 134 200
2097	3	1	81 137 156
2098	3	1	81 156 235
2099	3	1	81 170 205
2100	3	1	81 193 200
2101	3	1	81 193 222
2102	3	1	81 193 229
2103	3	1	81 195 235
2104	3	1	81 196 229
2105	3	1	81 196 241
2106	3	1	81 197 200
2107	3	1	81 197 211
2108	3	1	81 197 214
2109	3	1	81 199 200
2110	3	1	81 199 214
2111	3	1	81 200 211
2112	3	1	81 200 222
2113	3	1	81 200 241
2114	3	1	81 211 229
2115	3	1	81 211 235
2116	3	1	81 214 229
2117	3	1	81 222 241
2118	3	1	81 235 241
2119	3	1	82 84 159
2120	3	1	82 103 213
2121	3	1	82 133 213
2122	3	1	82 133 227
2123	3	1	82 161 169
2124	3	1	82 161 227
2125	3	1	83 88 161
2126	3	1	83 88 195
2127	3	1	83 88 196
2128	3	1	83 88 208
2129	3	1	83 88 223
2130	3	1	83 88 226
2131	3	1	83 100 195
2132	3	1	83 100 196
2133	3	1	83 118 225
2134	3	1	83 134 191
2135	3	1	83 134 195
2136	3	1	83 134 196
2137	3	1	83 134 208
2138	3	1	83 136 223
2139	3	1	83 142 153
2140	3	1	83 142 187
2141	3	1	83 142 188
2142	3	1	83 142 208
2143	3	1	83 142 215
2144	3	1	83 158 216
2145	3	1	83 158 235
2146	3	1	83 160 216
2147	3	1	83 160 226
2148	3	1	83 161 195
2149	3	1	83 161 223
2150	3	1	83 183 187
2151	3	1	83 183 226
2152	3	1	83 187 188
2153	3	1	83 187 226
2154	3	1	83 188 228
2155	3	1	83 195 235
2156	3	1	83 196 226
2157	3	1	83 208 215
2158	3	1	83 208 223
2159	3	1	83 215 235
2160	3	1	84 96 190
2161	3	1	84 105 231
2162	3	1	84 105 233
2163	3	1	84 115 131
2164	3	1	84 115 144
2165	3	1	84 115 154
2166	3	1	84 115 162
2167	3	1	84 129 181
2168	3	1	84 144 154
2169	3	1	84 144 183
2170	3	1	84 144 233
2171	3	1	84 190 219
2172	3	1	84 192 209
2173	3	1	84 192 219
2174	3	1	84 192 239
2175	3	1	84 219 239
2176	3	1	85 94 116
2177	3	1	85 94 212
2178	3	1	85 107 116
2179	3	1	85 130 135
2180	3	1	85 133 145
2181	3	1	85 135 197
2182	3	1	85 197 212
2183	3	1	86 97 112
2184	3	1	86 101 198
2185	3	1	86 101 244
2186	3	1	86 112 114
2187	3	1	86 112 186
2188	3	1	86 112 198
2189	3	1	86 114 168
2190	3	1	86 116 244
2191	3	1	86 137 238
2192	3	1	86 150 161
2193	3	1	86 150 198
2194	3	1	86 186 198
2195	3	1	86 186 238
2196	3	1	86 225 244
2197	3	1	87 94 194
2198	3	1	87 96 110
2199	3	1	87 96 180
2200	3	1	87 101 233
2201	3	1	87 101 244
2202	3	1	87 110 179
2203	3	1	87 110 193
2204	3	1	87 110 203
2205	3	1	87 110 237
2206	3	1	87 115 180
2207	3	1	87 115 194
2208	3	1	87 115 197
2209	3	1	87 121 141
2210	3	1	87 121 200
2211	3	1	87 129 208
2212	3	1	87 129 244
2213	3	1	87 146 156
2214	3	1	87 146 233
2215	3	1	87 156 194
2216	3	1	87 156 237
2217	3	1	87 179 197
2218	3	1	87 180 200
2219	3	1	87 193 200
2220	3	1	87 194 237
2221	3	1	87 197 200
2222	3	1	87 197 203
2223	3	1	87 233 244
2224	3	1	88 93 96
2225	3	1	88 93 203
2226	3	1	88 96 196
2227	3	1	88 112 163
2228	3	1	88 112 200
2229	3	1	88 121 200
2230	3	1	88 121 238
2231	3	1	88 124 196
2232	3	1	88 124 200
2233	3	1	88 130 131
2234	3	1	88 130 195
2235	3	1	88 130 200
2236	3	1	88 130 238
2237	3	1	88 130 239
2238	3	1	88 131 172
2239	3	1	88 131 238
2240	3	1	88 151 154
2241	3	1	88 151 162
2242	3	1	88 151 182
2243	3	1	88 154 161
2244	3	1	88 154 203
2245	3	1	88 154 223
2246	3	1	88 154 226
2247	3	1	88 161 181
2248	3	1	88 161 195
2249	3	1	88 161 223
2250	3	1	88 162 238
2251	3	1	88 163 179
2252	3	1	88 163 203
2253	3	1	88 163 208
2254	3	1	88 177 203
2255	3	1	88 179 238
2256	3	1	88 179 239
2257	3	1	88 181 208
2258	3	1	88 181 226
2259	3	1	88 196 226
2260	3	1	88 208 223
2261	3	1	89 93 236
2262	3	1	89 101 159
2263	3	1	89 101 195
2264	3	1	89 110 174
2265	3	1	89 110 193
2266	3	1	89 110 235
2267	3	1	89 154 174
2268	3	1	89 155 193
2269	3	1	89 159 235
2270	3	1	89 195 209
2271	3	1	89 195 235
2272	3	1	90 147 155
2273	3	1	90 147 223
2274	3	1	90 161 223
2275	3	1	90 196 230
2276	3	1	90 209 213
2277	3	1	90 214 225
2278	3	1	90 223 245
2279	3	1	91 100 174
2280	3	1	91 100 195
2281	3	1	91 117 141
2282	3	1	91 117 155
2283	3	1	91 117 195
2284	3	1	91 118 167
2285	3	1	91 151 186
2286	3	1	91 174 186
2287	3	1	92 94 111
2288	3	1	92 94 196
2289	3	1	92 102 106
2290	3	1	92 102 202
2291	3	1	92 106 126
2292	3	1	92 106 132
2293	3	1	92 106 148
2294	3	1	92 111 126
2295	3	1	92 126 209
2296	3	1	92 132 180
2297	3	1	92 132 196
2298	3	1	92 148 202
2299	3	1	93 96 190
2300	3	1	93 105 120
2301	3	1	93 105 185
2302	3	1	93 105 240
2303	3	1	93 170 185
2304	3	1	94 95 162
2305	3	1	94 111 178
2306	3	1	94 111 181
2307	3	1	94 111 205
2308	3	1	94 116 178
2309	3	1	94 116 196
2310	3	1	94 157 178
2311	3	1	94 157 187
2312	3	1	94 157 212
2313	3	1	94 162 238
2314	3	1	94 167 194
2315	3	1	94 167 238
2316	3	1	94 194 196
2317	3	1	95 96 169
2318	3	1	95 108 122
2319	3	1	95 108 153
2320	3	1	95 109 244
2321	3	1	95 112 123
2322	3	1	95 118 130
2323	3	1	95 118 169
2324	3	1	95 130 150
2325	3	1	95 130 153
2326	3	1	95 150 226
2327	3	1	95 153 174
2328	3	1	95 160 226
2329	3	1	95 169 173
2330	3	1	96 106 132
2331	3	1	96 110 215
2332	3	1	96 132 180
2333	3	1	96 132 196
2334	3	1	96 132 222
2335	3	1	96 132 248
2336	3	1	96 142 180
2337	3	1	96 142 190
2338	3	1	96 142 215
2339	3	1	96 169 196
2340	3	1	97 109 110
2341	3	1	97 110 227
2342	3	1	97 112 211
2343	3	1	97 112 222
2344	3	1	97 211 224
2345	3	1	98 152 176
2346	3	1	98 158 241
2347	3	1	98 159 176
2348	3	1	98 176 219
2349	3	1	98 219 248
2350	3	1	99 105 118
2351	3	1	99 105 175
2352	3	1	99 105 233
2353	3	1	99 105 246
2354	3	1	99 109 131
2355	3	1	99 109 175
2356	3	1	99 113 118
2357	3	1	99 118 175
2358	3	1	99 118 211
2359	3	1	99 118 246
2360	3	1	99 131 132
2361	3	1	99 175 195
2362	3	1	100 104 236
2363	3	1	100 236 239
2364	3	1	100 243 250
2365	3	1	101 125 198
2366	3	1	101 144 233
2367	3	1	101 233 244
2368	3	1	102 106 141
2369	3	1	102 106 143
2370	3	1	102 106 229
2371	3	1	102 106 234
2372	3	1	102 127 228
2373	3	1	102 129 168
2374	3	1	102 143 188
2375	3	1	102 143 234
2376	3	1	102 143 243
2377	3	1	102 177 229
2378	3	1	102 188 228
2379	3	1	102 188 243
2380	3	1	102 202 228
2381	3	1	102 228 236
2382	3	1	103 122 195
2383	3	1	103 134 195
2384	3	1	103 202 218
2385	3	1	103 202 228
2386	3	1	104 110 203
2387	3	1	104 110 215
2388	3	1	104 110 228
2389	3	1	104 111 176
2390	3	1	104 111 230
2391	3	1	104 132 156
2392	3	1	104 132 180
2393	3	1	104 132 203
2394	3	1	104 146 156
2395	3	1	104 146 176
2396	3	1	104 146 228
2397	3	1	104 154 180
2398	3	1	104 154 203
2399	3	1	104 156 171
2400	3	1	104 156 206
2401	3	1	104 170 175
2402	3	1	104 171 206
2403	3	1	104 176 219
2404	3	1	104 206 209
2405	3	1	104 219 236
2406	3	1	104 228 236
2407	3	1	105 118 175
2408	3	1	105 118 246
2409	3	1	105 120 142
2410	3	1	105 142 221
2411	3	1	105 142 245
2412	3	1	105 160 185
2413	3	1	105 160 200
2414	3	1	105 160 233
2415	3	1	105 175 221
2416	3	1	105 185 249
2417	3	1	105 200 246
2418	3	1	105 227 245
2419	3	1	105 227 249
2420	3	1	105 231 245
2421	3	1	106 113 225
2422	3	1	106 113 234
2423	3	1	106 123 132
2424	3	1	106 123 158
2425	3	1	106 123 225
2426	3	1	106 124 246
2427	3	1	106 126 160
2428	3	1	106 141 181
2429	3	1	106 143 158
2430	3	1	106 143 184
2431	3	1	106 143 234
2432	3	1	106 153 227
2433	3	1	106 160 184
2434	3	1	106 160 226
2435	3	1	106 160 234
2436	3	1	106 181 226
2437	3	1	106 181 230
2438	3	1	106 184 226
2439	3	1	107 112 211
2440	3	1	107 148 202
2441	3	1	107 202 238
2442	3	1	107 211 238
2443	3	1	108 122 210
2444	3	1	108 126 151
2445	3	1	108 152 201
2446	3	1	108 200 201
2447	3	1	108 200 210
2448	3	1	109 110 145
2449	3	1	109 131 244
2450	3	1	109 177 190
2451	3	1	109 191 244
2452	3	1	109 225 244
2453	3	1	110 120 179
2454	3	1	110 120 186
2455	3	1	110 120 193
2456	3	1	110 120 215
2457	3	1	110 145 235
2458	3	1	110 160 186
2459	3	1	110 174 186
2460	3	1	110 192 237
2461	3	1	110 203 235
2462	3	1	110 215 235
2463	3	1	111 114 124
2464	3	1	111 114 214
2465	3	1	111 114 230
2466	3	1	111 124 214
2467	3	1	111 126 151
2468	3	1	111 126 241
2469	3	1	111 130 150
2470	3	1	111 159 176
2471	3	1	111 159 230
2472	3	1	111 176 188
2473	3	1	111 176 221
2474	3	1	111 181 188
2475	3	1	111 181 221
2476	3	1	111 181 230
2477	3	1	111 188 214
2478	3	1	111 188 248
2479	3	1	111 205 249
2480	3	1	111 214 249
2481	3	1	111 221 230
2482	3	1	111 230 249
2483	3	1	112 114 163
2484	3	1	112 114 222
2485	3	1	112 114 250
2486	3	1	112 163 211
2487	3	1	112 170 198
2488	3	1	112 186 198
2489	3	1	112 186 222
2490	3	1	112 192 201
2491	3	1	112 200 201
2492	3	1	112 200 211
2493	3	1	112 200 222
2494	3	1	113 118 178
2495	3	1	113 118 225
2496	3	1	113 150 161
2497	3	1	113 154 161
2498	3	1	113 161 178
2499	3	1	114 124 168
2500	3	1	114 124 214
2501	3	1	114 158 182
2502	3	1	114 163 175
2503	3	1	114 168 182
2504	3	1	114 168 230
2505	3	1	114 169 175
2506	3	1	114 175 250
2507	3	1	114 177 214
2508	3	1	114 177 222
2509	3	1	114 177 229
2510	3	1	114 193 222
2511	3	1	114 193 229
2512	3	1	114 214 229
2513	3	1	114 222 230
2514	3	1	114 234 250
2515	3	1	115 131 139
2516	3	1	115 131 222
2517	3	1	115 139 154
2518	3	1	115 139 194
2519	3	1	115 139 229
2520	3	1	115 144 154
2521	3	1	115 154 180
2522	3	1	115 162 229
2523	3	1	115 162 236
2524	3	1	115 169 212
2525	3	1	115 197 212
2526	3	1	115 212 229
2527	3	1	116 134 141
2528	3	1	116 134 178
2529	3	1	116 134 196
2530	3	1	116 138 141
2531	3	1	116 138 163
2532	3	1	116 138 196
2533	3	1	116 141 215
2534	3	1	116 144 235
2535	3	1	116 163 203
2536	3	1	116 196 240
2537	3	1	116 203 235
2538	3	1	116 215 235
2539	3	1	117 130 195
2540	3	1	117 133 203
2541	3	1	117 133 227
2542	3	1	117 136 162
2543	3	1	117 136 171
2544	3	1	117 154 203
2545	3	1	117 155 244
2546	3	1	117 162 227
2547	3	1	117 212 245
2548	3	1	117 220 225
2549	3	1	117 220 244
2550	3	1	117 225 244
2551	3	1	117 227 245
2552	3	1	117 231 244
2553	3	1	117 231 245
2554	3	1	118 130 238
2555	3	1	118 130 250
2556	3	1	118 139 242
2557	3	1	118 139 246
2558	3	1	118 143 165
2559	3	1	118 143 169
2560	3	1	118 147 165
2561	3	1	118 167 211
2562	3	1	118 167 238
2563	3	1	118 169 175
2564	3	1	118 170 175
2565	3	1	118 175 250
2566	3	1	118 211 238
2567	3	1	118 238 248
2568	3	1	118 242 248
2569	3	1	120 125 193
2570	3	1	120 139 242
2571	3	1	120 142 187
2572	3	1	120 142 215
2573	3	1	120 172 215
2574	3	1	120 186 242
2575	3	1	120 193 242
2576	3	1	121 133 199
2577	3	1	121 199 200
2578	3	1	121 218 238
2579	3	1	122 136 175
2580	3	1	122 175 195
2581	3	1	122 194 210
2582	3	1	123 128 158
2583	3	1	123 128 220
2584	3	1	123 142 182
2585	3	1	123 142 187
2586	3	1	123 142 245
2587	3	1	123 158 182
2588	3	1	123 182 220
2589	3	1	123 220 225
2590	3	1	124 168 207
2591	3	1	124 200 213
2592	3	1	124 200 246
2593	3	1	125 153 193
2594	3	1	125 193 229
2595	3	1	126 163 175
2596	3	1	126 163 207
2597	3	1	126 171 206
2598	3	1	126 206 209
2599	3	1	127 152 172
2600	3	1	127 170 205
2601	3	1	127 205 232
2602	3	1	127 228 240
2603	3	1	128 129 149
2604	3	1	128 129 155
2605	3	1	128 129 158
2606	3	1	128 129 168
2607	3	1	128 129 184
2608	3	1	128 131 184
2609	3	1	128 149 204
2610	3	1	128 149 239
2611	3	1	128 161 184
2612	3	1	128 161 246
2613	3	1	128 168 220
2614	3	1	128 168 239
2615	3	1	128 170 191
2616	3	1	128 184 239
2617	3	1	129 153 155
2618	3	1	129 155 218
2619	3	1	129 155 244
2620	3	1	129 158 218
2621	3	1	129 168 185
2622	3	1	129 168 224
2623	3	1	129 181 201
2624	3	1	129 181 208
2625	3	1	129 181 242
2626	3	1	130 131 217
2627	3	1	130 131 238
2628	3	1	130 135 138
2629	3	1	130 135 152
2630	3	1	130 138 150
2631	3	1	130 138 152
2632	3	1	130 138 250
2633	3	1	130 152 204
2634	3	1	130 152 217
2635	3	1	130 195 204
2636	3	1	130 200 217
2637	3	1	131 132 222
2638	3	1	131 136 238
2639	3	1	131 139 146
2640	3	1	131 139 249
2641	3	1	131 146 172
2642	3	1	131 184 217
2643	3	1	131 222 238
2644	3	1	132 203 205
2645	3	1	133 148 203
2646	3	1	133 183 199
2647	3	1	134 141 149
2648	3	1	134 141 169
2649	3	1	134 169 196
2650	3	1	134 171 197
2651	3	1	134 178 191
2652	3	1	134 197 200
2653	3	1	135 138 152
2654	3	1	135 142 188
2655	3	1	135 152 220
2656	3	1	136 140 145
2657	3	1	136 145 162
2658	3	1	136 145 243
2659	3	1	136 162 238
2660	3	1	136 171 223
2661	3	1	136 230 239
2662	3	1	137 142 203
2663	3	1	137 142 218
2664	3	1	137 218 238
2665	3	1	138 152 184
2666	3	1	138 184 236
2667	3	1	138 196 241
2668	3	1	138 228 236
2669	3	1	139 151 154
2670	3	1	139 151 194
2671	3	1	139 154 202
2672	3	1	139 195 209
2673	3	1	139 195 249
2674	3	1	139 209 213
2675	3	1	139 209 227
2676	3	1	139 227 249
2677	3	1	139 229 242
2678	3	1	140 145 204
2679	3	1	140 160 217
2680	3	1	140 197 227
2681	3	1	142 159 176
2682	3	1	142 159 245
2683	3	1	142 176 188
2684	3	1	142 176 221
2685	3	1	142 180 188
2686	3	1	142 187 188
2687	3	1	142 188 218
2688	3	1	142 190 208
2689	3	1	142 190 211
2690	3	1	142 208 215
2691	3	1	142 208 221
2692	3	1	142 209 218
2693	3	1	142 218 245
2694	3	1	143 158 218
2695	3	1	143 158 235
2696	3	1	143 165 188
2697	3	1	143 165 234
2698	3	1	143 172 185
2699	3	1	143 172 198
2700	3	1	143 172 235
2701	3	1	143 188 198
2702	3	1	143 188 214
2703	3	1	143 188 218
2704	3	1	143 188 243
2705	3	1	143 198 243
2706	3	1	144 146 233
2707	3	1	144 151 154
2708	3	1	144 183 224
2709	3	1	144 183 249
2710	3	1	144 224 233
2711	3	1	145 162 236
2712	3	1	145 182 220
2713	3	1	145 182 233
2714	3	1	145 204 235
2715	3	1	145 205 232
2716	3	1	145 205 233
2717	3	1	145 232 243
2718	3	1	146 152 172
2719	3	1	146 152 176
2720	3	1	146 152 204
2721	3	1	147 152 155
2722	3	1	147 152 204
2723	3	1	147 152 220
2724	3	1	147 190 208
2725	3	1	147 192 240
2726	3	1	147 204 208
2727	3	1	147 208 223
2728	3	1	147 208 240
2729	3	1	148 149 202
2730	3	1	148 192 202
2731	3	1	148 200 217
2732	3	1	148 203 235
2733	3	1	149 156 237
2734	3	1	149 186 222
2735	3	1	149 204 222
2736	3	1	149 222 230
2737	3	1	149 230 239
2738	3	1	150 161 246
2739	3	1	150 164 202
2740	3	1	150 187 226
2741	3	1	151 158 182
2742	3	1	151 158 186
2743	3	1	151 182 186
2744	3	1	151 186 194
2745	3	1	152 172 178
2746	3	1	152 173 184
2747	3	1	152 173 207
2748	3	1	152 184 217
2749	3	1	152 207 220
2750	3	1	153 154 174
2751	3	1	153 155 193
2752	3	1	154 161 184
2753	3	1	154 161 223
2754	3	1	154 174 204
2755	3	1	154 184 226
2756	3	1	154 203 205
2757	3	1	155 187 244
2758	3	1	155 194 218
2759	3	1	156 167 194
2760	3	1	156 167 235
2761	3	1	156 171 206
2762	3	1	156 171 210
2763	3	1	156 194 206
2764	3	1	156 194 210
2765	3	1	156 194 237
2766	3	1	156 206 210
2767	3	1	156 206 235
2768	3	1	157 178 191
2769	3	1	157 179 239
2770	3	1	158 182 186
2771	3	1	158 206 216
2772	3	1	158 206 235
2773	3	1	158 235 241
2774	3	1	159 196 230
2775	3	1	159 200 217
2776	3	1	159 230 235
2777	3	1	160 184 217
2778	3	1	160 184 226
2779	3	1	160 185 186
2780	3	1	160 200 217
2781	3	1	161 195 249
2782	3	1	161 227 249
2783	3	1	162 229 238
2784	3	1	162 229 242
2785	3	1	163 175 208
2786	3	1	163 179 185
2787	3	1	163 180 220
2788	3	1	163 203 205
2789	3	1	163 207 220
2790	3	1	164 190 211
2791	3	1	164 211 235
2792	3	1	165 221 234
2793	3	1	167 194 218
2794	3	1	167 202 218
2795	3	1	167 202 238
2796	3	1	167 211 235
2797	3	1	167 211 238
2798	3	1	167 218 238
2799	3	1	167 235 238
2800	3	1	168 182 220
2801	3	1	168 207 220
2802	3	1	168 230 239
2803	3	1	169 212 237
2804	3	1	169 232 237
2805	3	1	170 191 205
2806	3	1	170 191 231
2807	3	1	170 198 205
2808	3	1	171 192 240
2809	3	1	171 197 210
2810	3	1	171 206 210
2811	3	1	172 178 198
2812	3	1	172 215 235
2813	3	1	174 186 242
2814	3	1	175 197 221
2815	3	1	175 208 221
2816	3	1	176 188 198
2817	3	1	176 199 223
2818	3	1	177 199 214
2819	3	1	177 214 229
2820	3	1	179 236 239
2821	3	1	180 200 217
2822	3	1	181 186 208
2823	3	1	181 186 242
2824	3	1	181 208 221
2825	3	1	181 208 230
2826	3	1	181 221 230
2827	3	1	181 230 235
2828	3	1	183 187 226
2829	3	1	184 232 239
2830	3	1	184 236 239
2831	3	1	186 222 238
2832	3	1	187 192 240
2833	3	1	187 232 250
2834	3	1	188 198 243
2835	3	1	190 197 211
2836	3	1	190 208 230
2837	3	1	191 205 232
2838	3	1	191 205 250
2839	3	1	191 231 244
2840	3	1	191 232 250
2841	3	1	192 201 239
2842	3	1	192 219 239
2843	3	1	192 219 249
2844	3	1	192 237 240
2845	3	1	192 239 240
2846	3	1	192 239 249
2847	3	1	193 200 222
2848	3	1	193 204 222
2849	3	1	193 229 242
2850	3	1	194 206 210
2851	3	1	195 204 235
2852	3	1	196 229 242
2853	3	1	197 200 210
2854	3	1	197 200 211
2855	3	1	197 200 213
2856	3	1	197 213 221
2857	3	1	198 205 249
2858	3	1	200 210 241
2859	3	1	200 222 241
2860	3	1	202 218 238
2861	3	1	205 232 250
2862	3	1	205 234 249
2863	3	1	205 234 250
2864	3	1	207 220 225
2865	3	1	207 220 250
2866	3	1	208 221 230
2867	3	1	208 230 249
2868	3	1	211 229 238
2869	3	1	211 235 238
2870	3	1	214 229 242
2871	3	1	219 236 239
2872	3	1	219 239 249
2873	3	1	219 242 248
2874	3	1	220 225 244
2875	3	1	220 241 244
2876	3	1	221 232 237
2877	3	1	229 232 238
2878	3	1	230 239 249
2879	3	1	232 243 250
