id	size	vertices
1	6	6 262 1373 1595 1790 1965
2	6	12 426 435 750 1159 1274
3	6	15 29 528 550 841 1975
4	6	15 481 581 1077 1526 1839
5	6	17 85 572 1377 1415 1908
6	6	27 692 862 1243 1439 1808
7	6	29 182 400 439 528 1814
8	6	33 1032 1211 1213 1795 1818
9	6	43 134 363 509 886 1855
10	6	55 916 1230 1386 1426 1831
11	6	64 136 156 460 501 1273
12	6	70 513 877 1647 1666 1805
13	6	80 758 928 1472 1837 1974
14	6	81 247 735 1095 1563 1819
15	6	85 575 1333 1337 1748 1771
16	6	87 383 546 782 1430 1893
17	6	91 383 788 1010 1026 1191
18	6	96 161 482 545 1423 1576
19	6	96 521 840 1358 1535 1854
20	6	97 392 421 764 1244 1392
21	6	97 421 764 1151 1244 1392
22	6	105 446 814 880 1181 1376
23	6	105 779 934 1420 1525 1780
24	6	112 379 683 941 1180 1789
25	6	112 379 1180 1266 1823 1863
26	6	115 125 351 1146 1367 1977
27	6	115 372 950 977 1519 1546
28	6	119 144 269 418 894 1015
29	6	127 277 292 358 1311 1741
30	6	127 277 358 1311 1574 1741
31	6	133 396 508 1012 1062 1647
32	6	144 255 380 488 566 590
33	6	160 286 388 1062 1237 1961
34	6	162 342 572 592 1078 1682
35	6	166 587 835 1256 1723 1887
36	6	202 229 954 1438 1464 1540
37	6	205 1583 1690 1745 1877 1985
38	6	229 294 742 1257 1345 1997
39	6	230 453 702 927 1216 1989
40	6	232 641 957 1271 1497 1826
41	6	251 729 1142 1573 1813 1837
42	6	254 277 530 1018 1026 1610
43	6	256 269 540 696 1017 1369
44	6	260 539 814 972 1170 1887
45	6	270 524 569 1136 1791 1829
46	6	278 365 766 1889 1892 1922
47	6	279 339 394 881 1287 1560
48	6	292 538 539 610 847 1443
49	6	303 534 662 816 1599 1627
50	6	303 674 1449 1669 1773 1913
51	6	312 400 1499 1757 1765 1848
52	6	312 541 641 670 1037 1271
53	6	315 353 517 533 624 1077
54	6	316 466 1465 1522 1602 1634
55	6	319 339 552 641 1043 1863
56	6	320 667 701 964 1506 1778
57	6	321 622 965 1430 1622 1804
58	6	342 503 592 1040 1682 1996
59	6	348 621 697 1095 1449 1819
60	6	352 927 1124 1719 1777 1939
61	6	364 854 1216 1242 1429 1852
62	6	366 367 1231 1518 1706 1817
63	6	366 1053 1315 1771 1840 1917
64	6	367 634 687 880 926 1574
65	6	374 415 498 911 1020 1085
66	6	412 593 815 967 1190 1793
67	6	415 785 793 1167 1250 1719
68	6	422 608 1394 1511 1617 1988
69	6	446 973 1003 1006 1394 1451
70	6	447 712 782 942 1575 1702
71	6	447 712 782 984 1575 1702
72	6	475 864 1105 1400 1682 1882
73	6	477 600 751 992 1494 1870
74	6	477 600 847 992 1494 1870
75	6	494 609 760 1033 1435 1748
76	6	522 824 1313 1422 1462 1943
77	6	525 542 719 748 860 1765
78	6	548 804 831 1167 1458 1497
79	6	555 951 1076 1236 1352 1526
80	6	641 957 1271 1497 1826 1932
81	6	709 1273 1322 1485 1636 1857
82	6	735 1103 1246 1368 1552 1827
83	6	812 950 1556 1586 1634 1754
84	6	824 1281 1323 1543 1748 1941
85	6	847 1286 1524 1536 1576 1888
86	6	891 910 966 1565 1856 1997
87	6	972 1066 1230 1638 1760 1843
88	6	998 1037 1252 1279 1434 1591
89	6	1129 1244 1441 1598 1738 1840
90	6	1178 1191 1263 1607 1621 1979
